{
	"name": "datepair",
	"version": "0.1.0",
	"title": "jquery-datepair",
	"description": "A plugin for intelligently selecting date and time ranges inspired by Google Calendar.",
	"author": {
		"name": "Jon Thornton",
		"email": "thornton.jon@gmail.com",
		"url": "https://github.com/jonthornton"
	},
	"licenses": [
		{
			"type": "MIT",
			"url": "MIT-LICENSE.txt"
		}
	],
	"dependencies": {
		"jquery": ">=1.7"
	},
	"keywords": [ "timepicker", "datepicker", "time", "date", "picker", "ui", "calendar", "input", "form" ],
	"homepage": "http://jonthornton.github.com/jquery-datepair/",
	"bugs": {
		"url": "https://github.com/jonthornton/jquery-datepair/issues"
	},
	"docs": "https://github.com/jonthornton/jquery-datepair",
	"download": "https://github.com/jonthornton/jquery-datepair"
}
